{
    "camera": {
        "fov": 0.7853981852531433,
        "pitch": -0.3141592741012573,
        "position": [
            -1.062999963760376,
            0.699999988079071,
            -1.2999999523162842
        ],
        "yaw": 0.890117883682251
    },
    "colors": {
        "cBackground": [
            0.013000000268220901,
            0.013000000268220901,
            0.05400000140070915
        ],
        "cBars": [
            0.4519999921321869,
            0.31299999356269836,
            0.0820000022649765
        ],
        "cBase": [
            0.029999999329447746,
            0.1469999998807907,
            0.019999999552965164
        ],
        "cFloor": [
            0.2549999952316284,
            0.2549999952316284,
            0.2549999952316284
        ],
        "cSpheres": [
            1.0,
            0.2199999988079071,
            0.2199999988079071
        ],
        "cWire": [
            0.6830000281333923,
            0.6830000281333923,
            0.6830000281333923
        ]
    },
    "relativePath": "../cradle.glsl"
}