{
    "camera": {
        "fov": 0.7853981852531433,
        "pitch": -0.23622530698776245,
        "position": [
            805.5090942382813,
            561.0436401367188,
            -178.60488891601563
        ],
        "yaw": -2.920154094696045
    },
    "colors": {
        "cCloud": [
            1.0,
            1.0,
            1.0
        ],
        "cGround": [
            0.2664092779159546,
            0.18453767895698547,
            0.10697515308856964
        ],
        "cLake": [
            0.4997689723968506,
            0.6816616654396057,
            0.8687258958816528
        ],
        "cSky": [
            0.5482625365257263,
            0.8063986301422119,
            1.0
        ],
        "vAng": [
            0.45899999141693115,
            0.20800000429153442,
            0.0
        ]
    },
    "relativePath": "../mountains.glsl"
}