{
    "camera": {
        "fov": 0.7853981852531433,
        "pitch": -0.23622530698776245,
        "position": [
            805.5090942382813,
            561.0436401367188,
            -178.60488891601563
        ],
        "yaw": -2.920154094696045
    },
    "colors": {
        "cCloud": [
            1.0,
            1.0,
            1.0
        ],
        "cGround": [
            0.2664092779159546,
            0.18453767895698547,
            0.10697515308856964
        ],
        "cLake": [
            0.4997689723968506,
            0.6816616654396057,
            0.8687258958816528
        ],
        "cSky": [
            0.5482625365257263,
            0.8063986301422119,
            1.0
        ]
    },
    "relativePath": "mountains.glsl",
    "uniforms": {
        "phi": {
            "data": 3.010999917984009,
            "range": [
                0.0,
                6.2829999923706055
            ],
            "type": 5
        },
        "theta": {
            "data": 1.2630000114440918,
            "range": [
                0.0,
                1.5707963705062866
            ],
            "type": 5
        }
    }
}