{
    "camera": {
        "fov": 0.7853981852531433,
        "pitch": -0.20044009387493134,
        "position": [
            1358.2705078125,
            683.3944091796875,
            -77.5732192993164
        ],
        "sensitivity": 0.10000000149011612,
        "speed": 100.0,
        "yaw": -2.829576015472412
    },
    "colors": {
        "cCloud": [
            1.0,
            1.0,
            1.0
        ],
        "cGround": [
            0.2664092779159546,
            0.18453767895698547,
            0.10697515308856964
        ],
        "cLake": [
            0.4997689723968506,
            0.6816616654396057,
            0.8687258958816528
        ],
        "cSky": [
            0.5482625365257263,
            0.8063986301422119,
            1.0
        ]
    },
    "relativePath": "mountains.glsl",
    "uniforms": {
        "phi": {
            "data": 3.010999917984009,
            "range": [
                0.0,
                6.2829999923706055
            ],
            "type": 5
        },
        "theta": {
            "data": 1.2630000114440918,
            "range": [
                0.0,
                1.5707963705062866
            ],
            "type": 5
        }
    }
}