{
    "camera": {
        "fov": 0.7853981852531433,
        "pitch": -0.2617993950843811,
        "position": [
            0.0,
            15.0,
            -25.0
        ],
        "yaw": 1.5707999467849731
    },
    "colors": {
        "cDress": [
            1.0,
            0.7179999947547913,
            0.009999999776482582
        ],
        "cFloor": [
            0.23100000619888306,
            0.6000000238418579,
            0.10000000149011612
        ],
        "cHat": [
            0.800000011920929,
            0.05000000074505806,
            0.05000000074505806
        ],
        "cSkin": [
            0.5249999761581421,
            0.2529999911785126,
            0.18400000035762787
        ],
        "cWall": [
            0.800000011920929,
            0.800000011920929,
            0.800000011920929
        ]
    },
  "relativePath": "jump.glsl"
}